date,state,fips,cases,deaths
2020-01-21,Washington,53,1,0
2020-01-22,Washington,53,0,0
2020-01-23,Washington,53,0,0
2020-01-24,Illinois,17,1,0
2020-01-24,Washington,53,0,0
2020-01-25,California,6,1,0
2020-01-25,Illinois,17,0,0
2020-01-25,Washington,53,0,0
2020-01-26,Arizona,4,1,0
2020-01-26,California,6,1,0
2020-01-26,Illinois,17,0,0
2020-01-26,Washington,53,0,0
2020-01-27,Arizona,4,0,0
2020-01-27,California,6,0,0
2020-01-27,Illinois,17,0,0
2020-01-27,Washington,53,0,0
2020-01-28,Arizona,4,0,0
2020-01-28,California,6,0,0
2020-01-28,Illinois,17,0,0
2020-01-28,Washington,53,0,0
2020-01-29,Arizona,4,0,0
2020-01-29,California,6,0,0
2020-01-29,Illinois,17,0,0
2020-01-29,Washington,53,0,0
2020-01-30,Arizona,4,0,0
2020-01-30,California,6,0,0
2020-01-30,Illinois,17,1,0
2020-01-30,Washington,53,0,0
2020-01-31,Arizona,4,0,0
2020-01-31,California,6,1,0
2020-01-31,Illinois,17,0,0
2020-01-31,Washington,53,0,0
2020-02-01,Arizona,4,0,0
2020-02-01,California,6,0,0
2020-02-01,Illinois,17,0,0
2020-02-01,Massachusetts,25,1,0
2020-02-01,Washington,53,0,0
2020-02-02,Arizona,4,0,0
2020-02-02,California,6,3,0
2020-02-02,Illinois,17,0,0
2020-02-02,Massachusetts,25,0,0
2020-02-02,Washington,53,0,0
2020-02-03,Arizona,4,0,0
2020-02-03,California,6,0,0
2020-02-03,Illinois,17,0,0
2020-02-03,Massachusetts,25,0,0
2020-02-03,Washington,53,0,0
2020-02-04,Arizona,4,0,0
2020-02-04,California,6,0,0
2020-02-04,Illinois,17,0,0
2020-02-04,Massachusetts,25,0,0
2020-02-04,Washington,53,0,0
2020-02-05,Arizona,4,0,0
2020-02-05,California,6,0,0
2020-02-05,Illinois,17,0,0
2020-02-05,Massachusetts,25,0,0
2020-02-05,Washington,53,0,0
2020-02-05,Wisconsin,55,1,0
2020-02-06,Arizona,4,0,0
2020-02-06,California,6,0,0
2020-02-06,Illinois,17,0,0
2020-02-06,Massachusetts,25,0,0
2020-02-06,Washington,53,0,0
2020-02-06,Wisconsin,55,0,0
2020-02-07,Arizona,4,0,0
2020-02-07,California,6,0,0
2020-02-07,Illinois,17,0,0
2020-02-07,Massachusetts,25,0,0
2020-02-07,Washington,53,0,0
2020-02-07,Wisconsin,55,0,0
2020-02-08,Arizona,4,0,0
2020-02-08,California,6,0,0
2020-02-08,Illinois,17,0,0
2020-02-08,Massachusetts,25,0,0
2020-02-08,Washington,53,0,0
2020-02-08,Wisconsin,55,0,0
2020-02-09,Arizona,4,0,0
2020-02-09,California,6,0,0
2020-02-09,Illinois,17,0,0
2020-02-09,Massachusetts,25,0,0
2020-02-09,Washington,53,0,0
2020-02-09,Wisconsin,55,0,0
2020-02-10,Arizona,4,0,0
2020-02-10,California,6,1,0
2020-02-10,Illinois,17,0,0
2020-02-10,Massachusetts,25,0,0
2020-02-10,Washington,53,0,0
2020-02-10,Wisconsin,55,0,0
2020-02-11,Arizona,4,0,0
2020-02-11,California,6,0,0
2020-02-11,Illinois,17,0,0
2020-02-11,Massachusetts,25,0,0
2020-02-11,Washington,53,0,0
2020-02-11,Wisconsin,55,0,0
2020-02-12,Arizona,4,0,0
2020-02-12,California,6,0,0
2020-02-12,Illinois,17,0,0
2020-02-12,Massachusetts,25,0,0
2020-02-12,Texas,48,1,0
2020-02-12,Washington,53,0,0
2020-02-12,Wisconsin,55,0,0
2020-02-13,Arizona,4,0,0
2020-02-13,California,6,0,0
2020-02-13,Illinois,17,0,0
2020-02-13,Massachusetts,25,0,0
2020-02-13,Texas,48,1,0
2020-02-13,Washington,53,0,0
2020-02-13,Wisconsin,55,0,0
2020-02-14,Arizona,4,0,0
2020-02-14,California,6,0,0
2020-02-14,Illinois,17,0,0
2020-02-14,Massachusetts,25,0,0
2020-02-14,Texas,48,0,0
2020-02-14,Washington,53,0,0
2020-02-14,Wisconsin,55,0,0
2020-02-15,Arizona,4,0,0
2020-02-15,California,6,0,0
2020-02-15,Illinois,17,0,0
2020-02-15,Massachusetts,25,0,0
2020-02-15,Texas,48,0,0
2020-02-15,Washington,53,0,0
2020-02-15,Wisconsin,55,0,0
2020-02-16,Arizona,4,0,0
2020-02-16,California,6,0,0
2020-02-16,Illinois,17,0,0
2020-02-16,Massachusetts,25,0,0
2020-02-16,Texas,48,0,0
2020-02-16,Washington,53,0,0
2020-02-16,Wisconsin,55,0,0
2020-02-17,Arizona,4,0,0
2020-02-17,California,6,0,0
2020-02-17,Illinois,17,0,0
2020-02-17,Massachusetts,25,0,0
2020-02-17,Nebraska,31,10,0
2020-02-17,Texas,48,0,0
2020-02-17,Washington,53,0,0
2020-02-17,Wisconsin,55,0,0
2020-02-18,Arizona,4,0,0
2020-02-18,California,6,0,0
2020-02-18,Illinois,17,0,0
2020-02-18,Massachusetts,25,0,0
2020-02-18,Nebraska,31,0,0
2020-02-18,Texas,48,0,0
2020-02-18,Washington,53,0,0
2020-02-18,Wisconsin,55,0,0
2020-02-19,Arizona,4,0,0
2020-02-19,California,6,0,0
2020-02-19,Illinois,17,0,0
2020-02-19,Massachusetts,25,0,0
2020-02-19,Nebraska,31,0,0
2020-02-19,Texas,48,0,0
2020-02-19,Washington,53,0,0
2020-02-19,Wisconsin,55,0,0
2020-02-20,Arizona,4,0,0
2020-02-20,California,6,1,0
2020-02-20,Illinois,17,0,0
2020-02-20,Massachusetts,25,0,0
2020-02-20,Nebraska,31,1,0
2020-02-20,Texas,48,0,0
2020-02-20,Washington,53,0,0
2020-02-20,Wisconsin,55,0,0
2020-02-21,Arizona,4,0,0
2020-02-21,California,6,1,0
2020-02-21,Illinois,17,0,0
2020-02-21,Massachusetts,25,0,0
2020-02-21,Nebraska,31,0,0
2020-02-21,Texas,48,2,0
2020-02-21,Washington,53,0,0
2020-02-21,Wisconsin,55,0,0
2020-02-22,Arizona,4,0,0
2020-02-22,California,6,0,0
2020-02-22,Illinois,17,0,0
2020-02-22,Massachusetts,25,0,0
2020-02-22,Nebraska,31,0,0
2020-02-22,Texas,48,0,0
2020-02-22,Washington,53,0,0
2020-02-22,Wisconsin,55,0,0
2020-02-23,Arizona,4,0,0
2020-02-23,California,6,0,0
2020-02-23,Illinois,17,0,0
2020-02-23,Massachusetts,25,0,0
2020-02-23,Nebraska,31,0,0
2020-02-23,Texas,48,0,0
2020-02-23,Washington,53,0,0
2020-02-23,Wisconsin,55,0,0
2020-02-24,Arizona,4,0,0
2020-02-24,California,6,2,0
2020-02-24,Illinois,17,0,0
2020-02-24,Massachusetts,25,0,0
2020-02-24,Nebraska,31,1,0
2020-02-24,Texas,48,6,0
2020-02-24,Washington,53,4,0
2020-02-24,Wisconsin,55,0,0
2020-02-25,Arizona,4,0,0
2020-02-25,California,6,0,0
2020-02-25,Illinois,17,0,0
2020-02-25,Massachusetts,25,0,0
2020-02-25,Nebraska,31,1,0
2020-02-25,Texas,48,0,0
2020-02-25,Utah,49,1,0
2020-02-25,Washington,53,0,0
2020-02-25,Wisconsin,55,0,0
2020-02-26,Arizona,4,0,0
2020-02-26,California,6,15,0
2020-02-26,Illinois,17,0,0
2020-02-26,Massachusetts,25,0,0
2020-02-26,Nebraska,31,0,0
2020-02-26,Texas,48,0,0
2020-02-26,Utah,49,0,0
2020-02-26,Washington,53,0,0
2020-02-26,Wisconsin,55,0,0
2020-02-27,Arizona,4,0,0
2020-02-27,California,6,0,0
2020-02-27,Illinois,17,0,0
2020-02-27,Massachusetts,25,0,0
2020-02-27,Nebraska,31,0,0
2020-02-27,Texas,48,0,0
2020-02-27,Utah,49,0,0
2020-02-27,Washington,53,0,0
2020-02-27,Wisconsin,55,0,0
2020-02-28,Arizona,4,0,0
2020-02-28,California,6,1,0
2020-02-28,Illinois,17,0,0
2020-02-28,Massachusetts,25,0,0
2020-02-28,Nebraska,31,0,0
2020-02-28,Oregon,41,1,0
2020-02-28,Texas,48,1,0
2020-02-28,Utah,49,0,0
2020-02-28,Washington,53,2,0
2020-02-28,Wisconsin,55,0,0
2020-02-29,Arizona,4,0,0
2020-02-29,California,6,1,0
2020-02-29,Illinois,17,1,0
2020-02-29,Massachusetts,25,0,0
2020-02-29,Nebraska,31,0,0
2020-02-29,Oregon,41,0,0
2020-02-29,Texas,48,0,0
2020-02-29,Utah,49,0,0
2020-02-29,Washington,53,3,1
2020-02-29,Wisconsin,55,0,0
2020-03-01,Arizona,4,0,0
2020-03-01,California,6,5,0
2020-03-01,Florida,12,2,0
2020-03-01,Illinois,17,0,0
2020-03-01,Massachusetts,25,0,0
2020-03-01,Nebraska,31,0,0
2020-03-01,New York,36,1,0
2020-03-01,Oregon,41,1,0
2020-03-01,Rhode Island,44,2,0
2020-03-01,Texas,48,0,0
2020-03-01,Utah,49,0,0
2020-03-01,Washington,53,7,2
2020-03-01,Wisconsin,55,0,0
2020-03-02,Arizona,4,0,0
2020-03-02,California,6,5,0
2020-03-02,Florida,12,0,0
2020-03-02,Georgia,13,2,0
2020-03-02,Illinois,17,1,0
2020-03-02,Massachusetts,25,1,0
2020-03-02,Nebraska,31,0,0
2020-03-02,New Hampshire,33,1,0
2020-03-02,New York,36,0,0
2020-03-02,Oregon,41,0,0
2020-03-02,Rhode Island,44,0,0
2020-03-02,Texas,48,0,0
2020-03-02,Utah,49,0,0
2020-03-02,Washington,53,6,3
2020-03-02,Wisconsin,55,0,0
2020-03-03,Arizona,4,1,0
2020-03-03,California,6,7,0
2020-03-03,Florida,12,1,0
2020-03-03,Georgia,13,0,0
2020-03-03,Illinois,17,0,0
2020-03-03,Massachusetts,25,0,0
2020-03-03,Nebraska,31,0,0
2020-03-03,New Hampshire,33,1,0
2020-03-03,New York,36,1,0
2020-03-03,North Carolina,37,1,0
2020-03-03,Oregon,41,0,0
2020-03-03,Rhode Island,44,0,0
2020-03-03,Texas,48,0,0
2020-03-03,Utah,49,0,0
2020-03-03,Washington,53,9,4
2020-03-03,Wisconsin,55,0,0
2020-03-04,Arizona,4,0,0
2020-03-04,California,6,10,1
2020-03-04,Florida,12,0,0
2020-03-04,Georgia,13,0,0
2020-03-04,Illinois,17,0,0
2020-03-04,Massachusetts,25,0,0
2020-03-04,Nebraska,31,0,0
2020-03-04,New Hampshire,33,0,0
2020-03-04,New Jersey,34,1,0
2020-03-04,New York,36,9,0
2020-03-04,North Carolina,37,0,0
2020-03-04,Oregon,41,0,0
2020-03-04,Rhode Island,44,0,0
2020-03-04,Texas,48,1,0
2020-03-04,Utah,49,0,0
2020-03-04,Washington,53,15,1
2020-03-04,Wisconsin,55,0,0
2020-03-05,Arizona,4,0,0
2020-03-05,California,6,12,0
2020-03-05,Colorado,8,2,0
2020-03-05,Florida,12,1,0
2020-03-05,Georgia,13,0,0
2020-03-05,Illinois,17,1,0
2020-03-05,Maryland,24,3,0
2020-03-05,Massachusetts,25,1,0
2020-03-05,Nebraska,31,0,0
2020-03-05,Nevada,32,2,0
2020-03-05,New Hampshire,33,0,0
2020-03-05,New Jersey,34,1,0
2020-03-05,New York,36,11,0
2020-03-05,North Carolina,37,0,0
2020-03-05,Oregon,41,0,0
2020-03-05,Rhode Island,44,0,0
2020-03-05,Tennessee,47,1,0
2020-03-05,Texas,48,4,0
2020-03-05,Utah,49,0,0
2020-03-05,Washington,53,28,0
2020-03-05,Wisconsin,55,0,0
2020-03-06,Arizona,4,1,0
2020-03-06,California,6,14,0
2020-03-06,Colorado,8,6,0
2020-03-06,Florida,12,3,2
2020-03-06,Georgia,13,1,0
2020-03-06,Hawaii,15,1,0
2020-03-06,Illinois,17,1,0
2020-03-06,Indiana,18,1,0
2020-03-06,Kentucky,21,1,0
2020-03-06,Maryland,24,0,0
2020-03-06,Massachusetts,25,5,0
2020-03-06,Minnesota,27,1,0
2020-03-06,Nebraska,31,1,0
2020-03-06,Nevada,32,0,0
2020-03-06,New Hampshire,33,0,0
2020-03-06,New Jersey,34,2,0
2020-03-06,New York,36,22,0
2020-03-06,North Carolina,37,1,0
2020-03-06,Oklahoma,40,1,0
2020-03-06,Oregon,41,0,0
2020-03-06,Pennsylvania,42,2,0
2020-03-06,Rhode Island,44,1,0
2020-03-06,South Carolina,45,2,0
2020-03-06,Tennessee,47,0,0
2020-03-06,Texas,48,3,0
2020-03-06,Utah,49,2,0
2020-03-06,Washington,53,11,1
2020-03-06,Wisconsin,55,0,0
2020-03-07,Arizona,4,2,0
2020-03-07,California,6,19,0
2020-03-07,Colorado,8,0,0
2020-03-07,District of Columbia,11,1,0
2020-03-07,Florida,12,5,0
2020-03-07,Georgia,13,4,0
2020-03-07,Hawaii,15,0,0
2020-03-07,Illinois,17,0,0
2020-03-07,Indiana,18,0,0
2020-03-07,Kansas,20,1,0
2020-03-07,Kentucky,21,0,0
2020-03-07,Maryland,24,0,0
2020-03-07,Massachusetts,25,5,0
2020-03-07,Minnesota,27,0,0
2020-03-07,Missouri,29,1,0
2020-03-07,Nebraska,31,0,0
2020-03-07,Nevada,32,0,0
2020-03-07,New Hampshire,33,2,0
2020-03-07,New Jersey,34,0,0
2020-03-07,New York,36,45,0
2020-03-07,North Carolina,37,0,0
2020-03-07,Oklahoma,40,0,0
2020-03-07,Oregon,41,4,0
2020-03-07,Pennsylvania,42,2,0
2020-03-07,Rhode Island,44,0,0
2020-03-07,South Carolina,45,0,0
2020-03-07,Tennessee,47,0,0
2020-03-07,Texas,48,0,0
2020-03-07,Utah,49,0,0
2020-03-07,Vermont,50,1,0
2020-03-07,Virginia,51,1,0
2020-03-07,Washington,53,24,4
2020-03-07,Wisconsin,55,0,0
2020-03-08,Arizona,4,0,0
2020-03-08,California,6,12,0
2020-03-08,Colorado,8,0,0
2020-03-08,Connecticut,9,1,0
2020-03-08,District of Columbia,11,0,0
2020-03-08,Florida,12,1,0
2020-03-08,Georgia,13,4,0
2020-03-08,Hawaii,15,1,0
2020-03-08,Illinois,17,1,0
2020-03-08,Indiana,18,1,0
2020-03-08,Iowa,19,3,0
2020-03-08,Kansas,20,0,0
2020-03-08,Kentucky,21,3,0
2020-03-08,Maryland,24,2,0
2020-03-08,Massachusetts,25,15,0
2020-03-08,Minnesota,27,1,0
2020-03-08,Missouri,29,0,0
2020-03-08,Nebraska,31,2,0
2020-03-08,Nevada,32,2,0
2020-03-08,New Hampshire,33,0,0
2020-03-08,New Jersey,34,2,0
2020-03-08,New York,36,17,0
2020-03-08,North Carolina,37,0,0
2020-03-08,Oklahoma,40,0,0
2020-03-08,Oregon,41,7,0
2020-03-08,Pennsylvania,42,2,0
2020-03-08,Rhode Island,44,0,0
2020-03-08,South Carolina,45,4,0
2020-03-08,Tennessee,47,2,0
2020-03-08,Texas,48,4,0
2020-03-08,Utah,49,0,0
2020-03-08,Vermont,50,0,0
2020-03-08,Virginia,51,1,0
2020-03-08,Washington,53,31,3
2020-03-08,Wisconsin,55,0,0
2020-03-09,Arizona,4,1,0
2020-03-09,California,6,60,1
2020-03-09,Colorado,8,4,0
2020-03-09,Connecticut,9,1,0
2020-03-09,District of Columbia,11,3,0
2020-03-09,Florida,12,1,0
2020-03-09,Georgia,13,6,0
2020-03-09,Hawaii,15,0,0
2020-03-09,Illinois,17,4,0
2020-03-09,Indiana,18,2,0
2020-03-09,Iowa,19,5,0
2020-03-09,Kansas,20,0,0
2020-03-09,Kentucky,21,1,0
2020-03-09,Louisiana,22,1,0
2020-03-09,Maryland,24,1,0
2020-03-09,Massachusetts,25,13,0
2020-03-09,Minnesota,27,0,0
2020-03-09,Missouri,29,0,0
2020-03-09,Nebraska,31,0,0
2020-03-09,Nevada,32,0,0
2020-03-09,New Hampshire,33,0,0
2020-03-09,New Jersey,34,5,0
2020-03-09,New York,36,36,0
2020-03-09,North Carolina,37,5,0
2020-03-09,Ohio,39,3,0
2020-03-09,Oklahoma,40,0,0
2020-03-09,Oregon,41,0,0
2020-03-09,Pennsylvania,42,4,0
2020-03-09,Rhode Island,44,0,0
2020-03-09,South Carolina,45,1,0
2020-03-09,Tennessee,47,1,0
2020-03-09,Texas,48,1,0
2020-03-09,Utah,49,0,0
2020-03-09,Vermont,50,0,0
2020-03-09,Virginia,51,3,0
2020-03-09,Washington,53,38,3
2020-03-09,Wisconsin,55,1,0
2020-03-10,Arizona,4,0,0
2020-03-10,California,6,7,1
2020-03-10,Colorado,8,5,0
2020-03-10,Connecticut,9,0,0
2020-03-10,District of Columbia,11,0,0
2020-03-10,Florida,12,9,0
2020-03-10,Georgia,13,5,0
2020-03-10,Hawaii,15,0,0
2020-03-10,Illinois,17,8,0
2020-03-10,Indiana,18,2,0
2020-03-10,Iowa,19,5,0
2020-03-10,Kansas,20,0,0
2020-03-10,Kentucky,21,2,0
2020-03-10,Louisiana,22,5,0
2020-03-10,Maryland,24,3,0
2020-03-10,Massachusetts,25,51,0
2020-03-10,Michigan,26,2,0
2020-03-10,Minnesota,27,1,0
2020-03-10,Missouri,29,0,0
2020-03-10,Nebraska,31,1,0
2020-03-10,Nevada,32,0,0
2020-03-10,New Hampshire,33,1,0
2020-03-10,New Jersey,34,4,1
2020-03-10,New York,36,31,0
2020-03-10,North Carolina,37,0,0
2020-03-10,Ohio,39,0,0
2020-03-10,Oklahoma,40,1,0
2020-03-10,Oregon,41,1,0
2020-03-10,Pennsylvania,42,2,0
2020-03-10,Rhode Island,44,2,0
2020-03-10,South Carolina,45,2,0
2020-03-10,South Dakota,46,5,1
2020-03-10,Tennessee,47,3,0
2020-03-10,Texas,48,7,0
2020-03-10,Utah,49,1,0
2020-03-10,Vermont,50,0,0
2020-03-10,Virginia,51,3,0
2020-03-10,Washington,53,100,2
2020-03-10,Wisconsin,55,1,0
2020-03-11,Arizona,4,3,0
2020-03-11,Arkansas,5,1,0
2020-03-11,California,6,23,1
2020-03-11,Colorado,8,17,0
2020-03-11,Connecticut,9,1,0
2020-03-11,Delaware,10,1,0
2020-03-11,District of Columbia,11,6,0
2020-03-11,Florida,12,3,0
2020-03-11,Georgia,13,9,0
2020-03-11,Hawaii,15,0,0
2020-03-11,Illinois,17,6,0
2020-03-11,Indiana,18,5,0
2020-03-11,Iowa,19,1,0
2020-03-11,Kansas,20,0,0
2020-03-11,Kentucky,21,0,0
2020-03-11,Louisiana,22,7,0
2020-03-11,Maryland,24,4,0
2020-03-11,Massachusetts,25,3,0
2020-03-11,Michigan,26,0,0
2020-03-11,Minnesota,27,2,0
2020-03-11,Mississippi,28,1,0
2020-03-11,Missouri,29,0,0
2020-03-11,Nebraska,31,6,0
2020-03-11,Nevada,32,3,0
2020-03-11,New Hampshire,33,0,0
2020-03-11,New Jersey,34,8,0
2020-03-11,New Mexico,35,4,0
2020-03-11,New York,36,44,0
2020-03-11,North Carolina,37,1,0
2020-03-11,North Dakota,38,1,0
2020-03-11,Ohio,39,1,0
2020-03-11,Oklahoma,40,0,0
2020-03-11,Oregon,41,6,0
2020-03-11,Pennsylvania,42,4,0
2020-03-11,Rhode Island,44,0,0
2020-03-11,South Carolina,45,1,0
2020-03-11,South Dakota,46,3,0
2020-03-11,Tennessee,47,1,0
2020-03-11,Texas,48,2,0
2020-03-11,Utah,49,1,0
2020-03-11,Vermont,50,1,0
2020-03-11,Virginia,51,2,0
2020-03-11,Washington,53,59,5
2020-03-11,Wisconsin,55,3,0
2020-03-11,Wyoming,56,1,0
2020-03-12,Alaska,2,1,0
2020-03-12,Arizona,4,0,0
2020-03-12,Arkansas,5,5,0
2020-03-12,California,6,50,0
2020-03-12,Colorado,8,15,1
2020-03-12,Connecticut,9,3,0
2020-03-12,Delaware,10,3,0
2020-03-12,District of Columbia,11,0,0
2020-03-12,Florida,12,20,0
2020-03-12,Georgia,13,0,1
2020-03-12,Hawaii,15,0,0
2020-03-12,Illinois,17,7,0
2020-03-12,Indiana,18,1,0
2020-03-12,Iowa,19,2,0
2020-03-12,Kansas,20,4,1
2020-03-12,Kentucky,21,4,0
2020-03-12,Louisiana,22,1,0
2020-03-12,Maine,23,1,0
2020-03-12,Maryland,24,0,0
2020-03-12,Massachusetts,25,13,0
2020-03-12,Michigan,26,10,0
2020-03-12,Minnesota,27,4,0
2020-03-12,Mississippi,28,0,0
2020-03-12,Missouri,29,1,0
2020-03-12,Nebraska,31,1,0
2020-03-12,Nevada,32,4,0
2020-03-12,New Hampshire,33,1,0
2020-03-12,New Jersey,34,6,0
2020-03-12,New Mexico,35,2,0
2020-03-12,New York,36,109,0
2020-03-12,North Carolina,37,8,0
2020-03-12,North Dakota,38,0,0
2020-03-12,Ohio,39,1,0
2020-03-12,Oklahoma,40,0,0
2020-03-12,Oregon,41,10,0
2020-03-12,Pennsylvania,42,6,0
2020-03-12,Rhode Island,44,0,0
2020-03-12,South Carolina,45,2,0
2020-03-12,South Dakota,46,0,0
2020-03-12,Tennessee,47,10,0
2020-03-12,Texas,48,8,0
2020-03-12,Utah,49,2,0
2020-03-12,Vermont,50,0,0
2020-03-12,Virginia,51,7,0
2020-03-12,Washington,53,81,3
2020-03-12,Wisconsin,55,2,0
2020-03-12,Wyoming,56,0,0
2020-03-13,Alabama,1,6,0
2020-03-13,Alaska,2,0,0
2020-03-13,Arizona,4,0,0
2020-03-13,Arkansas,5,1,0
2020-03-13,California,6,68,1
2020-03-13,Colorado,8,29,1
2020-03-13,Connecticut,9,5,0
2020-03-13,Delaware,10,0,0
2020-03-13,District of Columbia,11,0,0
2020-03-13,Florida,12,24,0
2020-03-13,Georgia,13,10,0
2020-03-13,Hawaii,15,0,0
2020-03-13,Idaho,16,1,0
2020-03-13,Illinois,17,14,0
2020-03-13,Indiana,18,0,0
2020-03-13,Iowa,19,1,0
2020-03-13,Kansas,20,1,0
2020-03-13,Kentucky,21,0,0
2020-03-13,Louisiana,22,22,0
2020-03-13,Maine,23,1,0
2020-03-13,Maryland,24,5,0
2020-03-13,Massachusetts,25,15,0
2020-03-13,Michigan,26,13,0
2020-03-13,Minnesota,27,5,0
2020-03-13,Mississippi,28,5,0
2020-03-13,Missouri,29,2,0
2020-03-13,Montana,30,4,0
2020-03-13,Nebraska,31,3,0
2020-03-13,Nevada,32,8,0
2020-03-13,New Hampshire,33,1,0
2020-03-13,New Jersey,34,21,0
2020-03-13,New Mexico,35,4,0
2020-03-13,New York,36,95,0
2020-03-13,North Carolina,37,2,0
2020-03-13,North Dakota,38,0,0
2020-03-13,Ohio,39,8,0
2020-03-13,Oklahoma,40,1,0
2020-03-13,Oregon,41,0,0
2020-03-13,Pennsylvania,42,19,0
2020-03-13,Puerto Rico,72,3,0
2020-03-13,Rhode Island,44,15,0
2020-03-13,South Carolina,45,1,0
2020-03-13,South Dakota,46,1,0
2020-03-13,Tennessee,47,8,0
2020-03-13,Texas,48,17,0
2020-03-13,Utah,49,0,0
2020-03-13,Vermont,50,0,0
2020-03-13,Virginia,51,13,0
2020-03-13,Washington,53,92,5
2020-03-13,Wisconsin,55,11,0
2020-03-13,Wyoming,56,1,0
2020-03-14,Alabama,1,6,0
2020-03-14,Alaska,2,0,0
2020-03-14,Arizona,4,3,0
2020-03-14,Arkansas,5,2,0
2020-03-14,California,6,61,0
2020-03-14,Colorado,8,25,0
2020-03-14,Connecticut,9,9,0
2020-03-14,Delaware,10,0,0
2020-03-14,District of Columbia,11,6,0
2020-03-14,Florida,12,0,1
2020-03-14,Georgia,13,24,0
2020-03-14,Hawaii,15,2,0
2020-03-14,Idaho,16,4,0
2020-03-14,Illinois,17,20,0
2020-03-14,Indiana,18,3,0
2020-03-14,Iowa,19,1,0
2020-03-14,Kansas,20,2,0
2020-03-14,Kentucky,21,7,0
2020-03-14,Louisiana,22,41,1
2020-03-14,Maine,23,1,0
2020-03-14,Maryland,24,9,0
2020-03-14,Massachusetts,25,15,0
2020-03-14,Michigan,26,8,0
2020-03-14,Minnesota,27,7,0
2020-03-14,Mississippi,28,0,0
2020-03-14,Missouri,29,1,0
2020-03-14,Montana,30,2,0
2020-03-14,Nebraska,31,2,0
2020-03-14,Nevada,32,2,0
2020-03-14,New Hampshire,33,0,0
2020-03-14,New Jersey,34,25,1
2020-03-14,New Mexico,35,3,0
2020-03-14,New York,36,189,2
2020-03-14,North Carolina,37,7,0
2020-03-14,North Dakota,38,0,0
2020-03-14,Ohio,39,13,0
2020-03-14,Oklahoma,40,1,0
2020-03-14,Oregon,41,6,1
2020-03-14,Pennsylvania,42,6,0
2020-03-14,Puerto Rico,72,1,0
2020-03-14,Rhode Island,44,0,0
2020-03-14,South Carolina,45,6,0
2020-03-14,South Dakota,46,0,0
2020-03-14,Tennessee,47,6,0
2020-03-14,Texas,48,11,0
2020-03-14,Utah,49,14,0
2020-03-14,Vermont,50,3,0
2020-03-14,Virgin Islands,78,1,0
2020-03-14,Virginia,51,12,1
2020-03-14,Washington,53,98,3
2020-03-14,Wisconsin,55,8,0
2020-03-14,Wyoming,56,1,0
2020-03-15,Alabama,1,11,0
2020-03-15,Alaska,2,0,0
2020-03-15,Arizona,4,1,0
2020-03-15,Arkansas,5,7,0
2020-03-15,California,6,97,1
2020-03-15,Colorado,8,33,0
2020-03-15,Connecticut,9,6,0
2020-03-15,Delaware,10,3,0
2020-03-15,District of Columbia,11,1,0
2020-03-15,Florida,12,39,0
2020-03-15,Georgia,13,32,0
2020-03-15,Guam,66,3,0
2020-03-15,Hawaii,15,3,0
2020-03-15,Idaho,16,0,0
2020-03-15,Illinois,17,28,0
2020-03-15,Indiana,18,4,0
2020-03-15,Iowa,19,4,0
2020-03-15,Kansas,20,1,0
2020-03-15,Kentucky,21,3,0
2020-03-15,Louisiana,22,26,1
2020-03-15,Maine,23,9,0
2020-03-15,Maryland,24,5,0
2020-03-15,Massachusetts,25,26,0
2020-03-15,Michigan,26,20,0
2020-03-15,Minnesota,27,14,0
2020-03-15,Mississippi,28,4,0
2020-03-15,Missouri,29,0,0
2020-03-15,Montana,30,0,0
2020-03-15,Nebraska,31,2,0
2020-03-15,Nevada,32,5,0
2020-03-15,New Hampshire,33,6,0
2020-03-15,New Jersey,34,23,0
2020-03-15,New Mexico,35,4,0
2020-03-15,New York,36,122,4
2020-03-15,North Carolina,37,7,0
2020-03-15,North Dakota,38,0,0
2020-03-15,Ohio,39,11,0
2020-03-15,Oklahoma,40,4,0
2020-03-15,Oregon,41,3,0
2020-03-15,Pennsylvania,42,21,0
2020-03-15,Puerto Rico,72,1,0
2020-03-15,Rhode Island,44,0,0
2020-03-15,South Carolina,45,9,0
2020-03-15,South Dakota,46,0,0
2020-03-15,Tennessee,47,7,0
2020-03-15,Texas,48,11,0
2020-03-15,Utah,49,8,0
2020-03-15,Vermont,50,3,0
2020-03-15,Virgin Islands,78,0,0
2020-03-15,Virginia,51,3,0
2020-03-15,Washington,53,66,2
2020-03-15,Wisconsin,55,6,0
2020-03-15,Wyoming,56,0,0
2020-03-16,Alabama,1,6,0
2020-03-16,Alaska,2,2,0
2020-03-16,Arizona,4,5,0
2020-03-16,Arkansas,5,6,0
2020-03-16,California,6,110,5
2020-03-16,Colorado,8,25,0
2020-03-16,Connecticut,9,15,0
2020-03-16,Delaware,10,1,0
2020-03-16,District of Columbia,11,5,0
2020-03-16,Florida,12,32,1
2020-03-16,Georgia,13,21,0
2020-03-16,Guam,66,0,0
2020-03-16,Hawaii,15,3,0
2020-03-16,Idaho,16,0,0
2020-03-16,Illinois,17,10,0
2020-03-16,Indiana,18,5,1
2020-03-16,Iowa,19,0,0
2020-03-16,Kansas,20,2,0
2020-03-16,Kentucky,21,1,1
2020-03-16,Louisiana,22,34,1
2020-03-16,Maine,23,5,0
2020-03-16,Maryland,24,7,0
2020-03-16,Massachusetts,25,33,0
2020-03-16,Michigan,26,1,0
2020-03-16,Minnesota,27,19,0
2020-03-16,Mississippi,28,2,0
2020-03-16,Missouri,29,4,0
2020-03-16,Montana,30,2,0
2020-03-16,Nebraska,31,2,0
2020-03-16,Nevada,32,19,1
2020-03-16,New Hampshire,33,4,0
2020-03-16,New Jersey,34,78,1
2020-03-16,New Mexico,35,4,0
2020-03-16,New York,36,218,4
2020-03-16,North Carolina,37,2,0
2020-03-16,North Dakota,38,0,0
2020-03-16,Ohio,39,13,0
2020-03-16,Oklahoma,40,2,0
2020-03-16,Oregon,41,7,0
2020-03-16,Pennsylvania,42,13,0
2020-03-16,Puerto Rico,72,0,0
2020-03-16,Rhode Island,44,1,0
2020-03-16,South Carolina,45,5,1
2020-03-16,South Dakota,46,1,0
2020-03-16,Tennessee,47,13,0
2020-03-16,Texas,48,7,1
2020-03-16,Utah,49,11,0
2020-03-16,Vermont,50,4,0
2020-03-16,Virgin Islands,78,1,0
2020-03-16,Virginia,51,6,0
2020-03-16,Washington,53,119,6
2020-03-16,Wisconsin,55,14,0
2020-03-16,Wyoming,56,7,0
2020-03-17,Alabama,1,10,0
2020-03-17,Alaska,2,3,0
2020-03-17,Arizona,4,2,0
2020-03-17,Arkansas,5,0,0
2020-03-17,California,6,144,3
2020-03-17,Colorado,8,22,1
2020-03-17,Connecticut,9,27,0
2020-03-17,Delaware,10,8,0
2020-03-17,District of Columbia,11,9,0
2020-03-17,Florida,12,69,2
2020-03-17,Georgia,13,24,0
2020-03-17,Guam,66,0,0
2020-03-17,Hawaii,15,4,0
2020-03-17,Idaho,16,4,0
2020-03-17,Illinois,17,55,1
2020-03-17,Indiana,18,6,1
2020-03-17,Iowa,19,7,0
2020-03-17,Kansas,20,6,0
2020-03-17,Kentucky,21,4,0
2020-03-17,Louisiana,22,59,2
2020-03-17,Maine,23,15,0
2020-03-17,Maryland,24,18,0
2020-03-17,Massachusetts,25,21,0
2020-03-17,Michigan,26,11,0
2020-03-17,Minnesota,27,6,0
2020-03-17,Mississippi,28,9,0
2020-03-17,Missouri,29,7,0
2020-03-17,Montana,30,0,0
2020-03-17,Nebraska,31,3,0
2020-03-17,Nevada,32,10,0
2020-03-17,New Hampshire,33,9,0
2020-03-17,New Jersey,34,92,0
2020-03-17,New Mexico,35,2,0
2020-03-17,New York,36,424,7
2020-03-17,North Carolina,37,8,0
2020-03-17,North Dakota,38,4,0
2020-03-17,Ohio,39,17,0
2020-03-17,Oklahoma,40,8,0
2020-03-17,Oregon,41,20,1
2020-03-17,Pennsylvania,42,20,0
2020-03-17,Puerto Rico,72,0,0
2020-03-17,Rhode Island,44,2,0
2020-03-17,South Carolina,45,14,0
2020-03-17,South Dakota,46,1,0
2020-03-17,Tennessee,47,21,0
2020-03-17,Texas,48,19,0
2020-03-17,Utah,49,11,0
2020-03-17,Vermont,50,2,0
2020-03-17,Virgin Islands,78,0,0
2020-03-17,Virginia,51,16,1
2020-03-17,Washington,53,114,6
2020-03-17,West Virginia,54,1,0
2020-03-17,Wisconsin,55,25,0
2020-03-17,Wyoming,56,5,0
2020-03-18,Alabama,1,12,0
2020-03-18,Alaska,2,3,0
2020-03-18,Arizona,4,8,0
2020-03-18,Arkansas,5,11,0
2020-03-18,California,6,161,3
2020-03-18,Colorado,8,33,0
2020-03-18,Connecticut,9,28,1
2020-03-18,Delaware,10,10,0
2020-03-18,District of Columbia,11,5,0
2020-03-18,Florida,12,116,1
2020-03-18,Georgia,13,51,2
2020-03-18,Guam,66,5,0
2020-03-18,Hawaii,15,2,0
2020-03-18,Idaho,16,2,0
2020-03-18,Illinois,17,127,0
2020-03-18,Indiana,18,9,0
2020-03-18,Iowa,19,9,0
2020-03-18,Kansas,20,5,0
2020-03-18,Kentucky,21,9,0
2020-03-18,Louisiana,22,84,2
2020-03-18,Maine,23,11,0
2020-03-18,Maryland,24,28,1
2020-03-18,Massachusetts,25,38,0
2020-03-18,Michigan,26,15,1
2020-03-18,Minnesota,27,17,0
2020-03-18,Mississippi,28,13,0
2020-03-18,Missouri,29,5,1
2020-03-18,Montana,30,4,0
2020-03-18,Nebraska,31,7,0
2020-03-18,Nevada,32,27,0
2020-03-18,New Hampshire,33,13,0
2020-03-18,New Jersey,34,159,2
2020-03-18,New Mexico,35,5,0
2020-03-18,New York,36,1008,10
2020-03-18,North Carolina,37,24,0
2020-03-18,North Dakota,38,2,0
2020-03-18,Ohio,39,23,0
2020-03-18,Oklahoma,40,11,0
2020-03-18,Oregon,41,8,1
2020-03-18,Pennsylvania,42,38,1
2020-03-18,Puerto Rico,72,0,0
2020-03-18,Rhode Island,44,10,0
2020-03-18,South Carolina,45,13,0
2020-03-18,South Dakota,46,0,0
2020-03-18,Tennessee,47,25,0
2020-03-18,Texas,48,60,1
2020-03-18,Utah,49,14,0
2020-03-18,Vermont,50,5,0
2020-03-18,Virgin Islands,78,1,0
2020-03-18,Virginia,51,11,0
2020-03-18,Washington,53,118,14
2020-03-18,West Virginia,54,1,0
2020-03-18,Wisconsin,55,34,0
2020-03-18,Wyoming,56,2,0
2020-03-19,Alabama,1,27,0
2020-03-19,Alaska,2,3,0
2020-03-19,Arizona,4,19,0
2020-03-19,Arkansas,5,29,0
2020-03-19,California,6,174,2
2020-03-19,Colorado,8,62,2
2020-03-19,Connecticut,9,63,3
2020-03-19,Delaware,10,4,0
2020-03-19,District of Columbia,11,32,0
2020-03-19,Florida,12,108,1
2020-03-19,Georgia,13,89,7
2020-03-19,Guam,66,4,0
2020-03-19,Hawaii,15,10,0
2020-03-19,Idaho,16,12,0
2020-03-19,Illinois,17,134,3
2020-03-19,Indiana,18,17,0
2020-03-19,Iowa,19,6,0
2020-03-19,Kansas,20,13,0
2020-03-19,Kentucky,21,12,1
2020-03-19,Louisiana,22,112,3
2020-03-19,Maine,23,9,0
2020-03-19,Maryland,24,23,0
2020-03-19,Massachusetts,25,72,0
2020-03-19,Michigan,26,254,2
2020-03-19,Minnesota,27,12,0
2020-03-19,Mississippi,28,16,1
2020-03-19,Missouri,29,14,0
2020-03-19,Montana,30,7,0
2020-03-19,Nebraska,31,4,0
2020-03-19,Nevada,32,17,0
2020-03-19,New Hampshire,33,5,0
2020-03-19,New Jersey,34,308,4
2020-03-19,New Mexico,35,7,0
2020-03-19,New York,36,1770,3
2020-03-19,North Carolina,37,38,0
2020-03-19,North Dakota,38,12,0
2020-03-19,Ohio,39,30,0
2020-03-19,Oklahoma,40,15,1
2020-03-19,Oregon,41,13,0
2020-03-19,Pennsylvania,42,48,0
2020-03-19,Puerto Rico,72,1,0
2020-03-19,Rhode Island,44,11,0
2020-03-19,South Carolina,45,21,0
2020-03-19,South Dakota,46,3,0
2020-03-19,Tennessee,47,57,0
2020-03-19,Texas,48,82,2
2020-03-19,Utah,49,15,0
2020-03-19,Vermont,50,3,2
2020-03-19,Virgin Islands,78,0,0
2020-03-19,Virginia,51,16,0
2020-03-19,Washington,53,202,7
2020-03-19,West Virginia,54,3,0
2020-03-19,Wisconsin,55,49,2
2020-03-19,Wyoming,56,1,0
2020-03-20,Alabama,1,28,0
2020-03-20,Alaska,2,2,0
2020-03-20,Arizona,4,23,1
2020-03-20,Arkansas,5,38,0
2020-03-20,California,6,216,5
2020-03-20,Colorado,8,86,0
2020-03-20,Connecticut,9,35,0
2020-03-20,Delaware,10,9,0
2020-03-20,District of Columbia,11,9,1
2020-03-20,Florida,12,130,1
2020-03-20,Georgia,13,200,4
2020-03-20,Guam,66,2,0
2020-03-20,Hawaii,15,11,0
2020-03-20,Idaho,16,8,0
2020-03-20,Illinois,17,163,1
2020-03-20,Indiana,18,23,1
2020-03-20,Iowa,19,1,0
2020-03-20,Kansas,20,14,0
2020-03-20,Kentucky,21,16,0
2020-03-20,Louisiana,22,145,0
2020-03-20,Maine,23,5,0
2020-03-20,Maryland,24,42,1
2020-03-20,Massachusetts,25,85,1
2020-03-20,Michigan,26,214,1
2020-03-20,Minnesota,27,26,0
2020-03-20,Mississippi,28,30,0
2020-03-20,Missouri,29,38,2
2020-03-20,Montana,30,0,0
2020-03-20,Nebraska,31,6,0
2020-03-20,Nevada,32,66,1
2020-03-20,New Hampshire,33,11,0
2020-03-20,New Jersey,34,161,2
2020-03-20,New Mexico,35,8,0
2020-03-20,New York,36,2950,27
2020-03-20,North Carolina,37,40,0
2020-03-20,North Dakota,38,8,0
2020-03-20,Ohio,39,49,1
2020-03-20,Oklahoma,40,5,0
2020-03-20,Oregon,41,27,0
2020-03-20,Pennsylvania,42,82,0
2020-03-20,Puerto Rico,72,8,0
2020-03-20,Rhode Island,44,0,0
2020-03-20,South Carolina,45,45,2
2020-03-20,South Dakota,46,0,0
2020-03-20,Tennessee,47,82,0
2020-03-20,Texas,48,129,1
2020-03-20,Utah,49,32,0
2020-03-20,Vermont,50,7,0
2020-03-20,Virgin Islands,78,3,0
2020-03-20,Virginia,51,21,0
2020-03-20,Washington,53,176,8
2020-03-20,West Virginia,54,3,0
2020-03-20,Wisconsin,55,61,1
2020-03-20,Wyoming,56,4,0
2020-03-21,Alabama,1,25,0
2020-03-21,Alaska,2,7,0
2020-03-21,Arizona,4,34,0
2020-03-21,Arkansas,5,18,0
2020-03-21,California,6,261,4
2020-03-21,Colorado,8,111,1
2020-03-21,Connecticut,9,29,1
2020-03-21,Delaware,10,6,0
2020-03-21,District of Columbia,11,21,0
2020-03-21,Florida,12,200,2
2020-03-21,Georgia,13,70,6
2020-03-21,Guam,66,1,0
2020-03-21,Hawaii,15,11,0
2020-03-21,Idaho,16,11,0
2020-03-21,Illinois,17,168,1
2020-03-21,Indiana,18,47,1
2020-03-21,Iowa,19,23,0
2020-03-21,Kansas,20,8,1
2020-03-21,Kentucky,21,21,1
2020-03-21,Louisiana,22,226,6
2020-03-21,Maine,23,13,0
2020-03-21,Maryland,24,45,1
2020-03-21,Massachusetts,25,112,1
2020-03-21,Michigan,26,239,2
2020-03-21,Minnesota,27,23,1
2020-03-21,Mississippi,28,60,0
2020-03-21,Missouri,29,20,0
2020-03-21,Montana,30,10,0
2020-03-21,Nebraska,31,8,0
2020-03-21,Nevada,32,0,0
2020-03-21,New Hampshire,33,10,0
2020-03-21,New Jersey,34,440,5
2020-03-21,New Mexico,35,14,0
2020-03-21,New York,36,3254,23
2020-03-21,North Carolina,37,40,0
2020-03-21,North Dakota,38,1,0
2020-03-21,Ohio,39,78,2
2020-03-21,Oklahoma,40,4,0
2020-03-21,Oregon,41,23,1
2020-03-21,Pennsylvania,42,119,1
2020-03-21,Puerto Rico,72,7,1
2020-03-21,Rhode Island,44,22,0
2020-03-21,South Carolina,45,46,0
2020-03-21,South Dakota,46,0,0
2020-03-21,Tennessee,47,75,2
2020-03-21,Texas,48,170,0
2020-03-21,Utah,49,26,0
2020-03-21,Vermont,50,20,0
2020-03-21,Virgin Islands,78,0,0
2020-03-21,Virginia,51,37,1
2020-03-21,Washington,53,251,12
2020-03-21,West Virginia,54,4,0
2020-03-21,Wisconsin,55,65,1
2020-03-21,Wyoming,56,2,0
2020-03-22,Alabama,1,26,0
2020-03-22,Alaska,2,1,0
2020-03-22,Arizona,4,49,1
2020-03-22,Arkansas,5,47,0
2020-03-22,California,6,307,7
2020-03-22,Colorado,8,116,1
2020-03-22,Connecticut,9,104,3
2020-03-22,Delaware,10,11,0
2020-03-22,District of Columbia,11,18,1
2020-03-22,Florida,12,236,2
2020-03-22,Georgia,13,68,5
2020-03-22,Guam,66,12,1
2020-03-22,Hawaii,15,8,0
2020-03-22,Idaho,16,5,0
2020-03-22,Illinois,17,296,3
2020-03-22,Indiana,18,75,2
2020-03-22,Iowa,19,22,0
2020-03-22,Kansas,20,9,0
2020-03-22,Kentucky,21,19,0
2020-03-22,Louisiana,22,74,4
2020-03-22,Maine,23,19,0
2020-03-22,Maryland,24,50,0
2020-03-22,Massachusetts,25,121,3
2020-03-22,Michigan,26,246,3
2020-03-22,Minnesota,27,33,0
2020-03-22,Mississippi,28,67,0
2020-03-22,Missouri,29,37,0
2020-03-22,Montana,30,5,0
2020-03-22,Nebraska,31,1,0
2020-03-22,Nevada,32,25,0
2020-03-22,New Hampshire,33,13,0
2020-03-22,New Jersey,34,578,4
2020-03-22,New Mexico,35,8,0
2020-03-22,New York,36,4812,42
2020-03-22,North Carolina,37,85,0
2020-03-22,North Dakota,38,2,0
2020-03-22,Ohio,39,104,0
2020-03-22,Oklahoma,40,14,1
2020-03-22,Oregon,41,24,1
2020-03-22,Pennsylvania,42,116,1
2020-03-22,Puerto Rico,72,2,0
2020-03-22,Rhode Island,44,17,0
2020-03-22,South Carolina,45,22,0
2020-03-22,South Dakota,46,7,0
2020-03-22,Tennessee,47,112,0
2020-03-22,Texas,48,85,2
2020-03-22,Utah,49,44,1
2020-03-22,Vermont,50,3,0
2020-03-22,Virgin Islands,78,11,0
2020-03-22,Virginia,51,67,3
2020-03-22,Washington,53,189,2
2020-03-22,West Virginia,54,4,0
2020-03-22,Wisconsin,55,101,0
2020-03-22,Wyoming,56,2,0
2020-03-23,Alabama,1,39,0
2020-03-23,Alaska,2,14,0
2020-03-23,Arizona,4,81,0
2020-03-23,Arkansas,5,36,0
2020-03-23,California,6,389,4
2020-03-23,Colorado,8,130,3
2020-03-23,Connecticut,9,88,2
2020-03-23,Delaware,10,31,0
2020-03-23,District of Columbia,11,22,0
2020-03-23,Florida,12,222,5
2020-03-23,Georgia,13,180,0
2020-03-23,Guam,66,2,0
2020-03-23,Hawaii,15,21,0
2020-03-23,Idaho,16,3,0
2020-03-23,Illinois,17,238,3
2020-03-23,Indiana,18,58,1
2020-03-23,Iowa,19,15,0
2020-03-23,Kansas,20,16,0
2020-03-23,Kentucky,21,21,0
2020-03-23,Louisiana,22,335,14
2020-03-23,Maine,23,18,0
2020-03-23,Maryland,24,45,0
2020-03-23,Massachusetts,25,131,0
2020-03-23,Michigan,26,291,7
2020-03-23,Minnesota,27,64,0
2020-03-23,Mississippi,28,42,0
2020-03-23,Missouri,29,53,1
2020-03-23,Montana,30,11,0
2020-03-23,Nebraska,31,11,0
2020-03-23,Nevada,32,75,2
2020-03-23,New Hampshire,33,23,1
2020-03-23,New Jersey,34,930,7
2020-03-23,New Mexico,35,18,0
2020-03-23,New York,36,5707,37
2020-03-23,North Carolina,37,34,0
2020-03-23,North Dakota,38,2,0
2020-03-23,Ohio,39,93,3
2020-03-23,Oklahoma,40,14,0
2020-03-23,Oregon,41,30,0
2020-03-23,Pennsylvania,42,140,3
2020-03-23,Puerto Rico,72,8,1
2020-03-23,Rhode Island,44,23,0
2020-03-23,South Carolina,45,105,2
2020-03-23,South Dakota,46,7,0
2020-03-23,Tennessee,47,98,0
2020-03-23,Texas,48,96,0
2020-03-23,Utah,49,75,0
2020-03-23,Vermont,50,23,0
2020-03-23,Virgin Islands,78,0,0
2020-03-23,Virginia,51,35,0
2020-03-23,Washington,53,257,13
2020-03-23,West Virginia,54,0,0
2020-03-23,Wisconsin,55,36,1
2020-03-23,Wyoming,56,2,0
2020-03-24,Alabama,1,46,0
2020-03-24,Alaska,2,6,0
2020-03-24,Arizona,4,92,4
2020-03-24,Arkansas,5,31,2
2020-03-24,California,6,404,13
2020-03-24,Colorado,8,191,1
2020-03-24,Connecticut,9,203,2
2020-03-24,Delaware,10,17,0
2020-03-24,District of Columbia,11,45,0
2020-03-24,Florida,12,245,1
2020-03-24,Georgia,13,297,13
2020-03-24,Guam,66,3,0
2020-03-24,Hawaii,15,13,0
2020-03-24,Idaho,16,23,0
2020-03-24,Illinois,17,250,4
2020-03-24,Indiana,18,107,5
2020-03-24,Iowa,19,19,1
2020-03-24,Kansas,20,17,1
2020-03-24,Kentucky,21,33,0
2020-03-24,Louisiana,22,216,12
2020-03-24,Maine,23,11,0
2020-03-24,Maryland,24,59,1
2020-03-24,Massachusetts,25,382,6
2020-03-24,Michigan,26,467,8
2020-03-24,Minnesota,27,27,0
2020-03-24,Mississippi,28,71,0
2020-03-24,Missouri,29,72,1
2020-03-24,Montana,30,6,0
2020-03-24,Nebraska,31,4,0
2020-03-24,Nevada,32,50,2
2020-03-24,New Hampshire,33,7,0
2020-03-24,New Jersey,34,831,17
2020-03-24,New Mexico,35,17,0
2020-03-24,New York,36,4790,59
2020-03-24,North Carolina,37,96,0
2020-03-24,North Dakota,38,4,0
2020-03-24,Ohio,39,120,2
2020-03-24,Oklahoma,40,25,1
2020-03-24,Oregon,41,18,3
2020-03-24,Pennsylvania,42,207,1
2020-03-24,Puerto Rico,72,8,0
2020-03-24,Rhode Island,44,18,0
2020-03-24,South Carolina,45,43,2
2020-03-24,South Dakota,46,2,0
2020-03-24,Tennessee,47,157,0
2020-03-24,Texas,48,129,4
2020-03-24,Utah,49,41,0
2020-03-24,Vermont,50,20,5
2020-03-24,Virgin Islands,78,0,0
2020-03-24,Virginia,51,36,1
2020-03-24,Washington,53,368,13
2020-03-24,West Virginia,54,23,0
2020-03-24,Wisconsin,55,63,0
2020-03-24,Wyoming,56,9,0
2020-03-25,Alabama,1,144,1
2020-03-25,Alaska,2,17,0
2020-03-25,Arizona,4,76,0
2020-03-25,Arkansas,5,76,0
2020-03-25,California,6,539,15
2020-03-25,Colorado,8,174,8
2020-03-25,Connecticut,9,257,7
2020-03-25,Delaware,10,15,0
2020-03-25,District of Columbia,11,48,1
2020-03-25,Florida,12,498,4
2020-03-25,Georgia,13,290,9
2020-03-25,Guam,66,0,0
2020-03-25,Hawaii,15,5,0
2020-03-25,Idaho,16,50,0
2020-03-25,Illinois,17,340,5
2020-03-25,Indiana,18,113,2
2020-03-25,Iowa,19,21,0
2020-03-25,Kansas,20,33,0
2020-03-25,Kentucky,21,41,2
2020-03-25,Louisiana,22,407,19
2020-03-25,Maine,23,24,0
2020-03-25,Maryland,24,74,0
2020-03-25,Massachusetts,25,679,4
2020-03-25,Michigan,26,503,19
2020-03-25,Minnesota,27,25,0
2020-03-25,Mississippi,28,57,4
2020-03-25,Missouri,29,122,3
2020-03-25,Montana,30,14,0
2020-03-25,Nebraska,31,7,0
2020-03-25,Nevada,32,90,4
2020-03-25,New Hampshire,33,29,0
2020-03-25,New Jersey,34,727,18
2020-03-25,New Mexico,35,12,1
2020-03-25,New York,36,7401,107
2020-03-25,North Carolina,37,164,1
2020-03-25,North Dakota,38,9,0
2020-03-25,Ohio,39,142,3
2020-03-25,Oklahoma,40,58,2
2020-03-25,Oregon,41,57,2
2020-03-25,Pennsylvania,42,300,4
2020-03-25,Puerto Rico,72,12,0
2020-03-25,Rhode Island,44,8,0
2020-03-25,South Carolina,45,82,0
2020-03-25,South Dakota,46,11,0
2020-03-25,Tennessee,47,105,1
2020-03-25,Texas,48,262,1
2020-03-25,Utah,49,48,0
2020-03-25,Vermont,50,28,1
2020-03-25,Virgin Islands,78,0,0
2020-03-25,Virginia,51,101,2
2020-03-25,Washington,53,116,7
2020-03-25,West Virginia,54,12,0
2020-03-25,Wisconsin,55,142,2
2020-03-25,Wyoming,56,12,0
2020-03-26,Alabama,1,152,2
2020-03-26,Alaska,2,10,0
2020-03-26,Arizona,4,106,2
2020-03-26,Arkansas,5,43,1
2020-03-26,California,6,877,15
2020-03-26,Colorado,8,346,5
2020-03-26,Connecticut,9,137,2
2020-03-26,Delaware,10,24,1
2020-03-26,District of Columbia,11,36,0
2020-03-26,Florida,12,512,6
2020-03-26,Georgia,13,256,9
2020-03-26,Guam,66,17,0
2020-03-26,Hawaii,15,11,0
2020-03-26,Idaho,16,66,3
2020-03-26,Illinois,17,663,5
2020-03-26,Indiana,18,177,4
2020-03-26,Iowa,19,34,0
2020-03-26,Kansas,20,39,0
2020-03-26,Kentucky,21,50,0
2020-03-26,Louisiana,22,510,18
2020-03-26,Maine,23,13,0
2020-03-26,Maryland,24,158,0
2020-03-26,Massachusetts,25,579,10
2020-03-26,Michigan,26,584,20
2020-03-26,Minnesota,27,59,1
2020-03-26,Mississippi,28,110,1
2020-03-26,Missouri,29,130,0
2020-03-26,Montana,30,25,0
2020-03-26,Nebraska,31,8,0
2020-03-26,Nevada,32,130,0
2020-03-26,New Hampshire,33,21,0
2020-03-26,New Jersey,34,2474,19
2020-03-26,New Mexico,35,24,0
2020-03-26,New York,36,5921,107
2020-03-26,North Carolina,37,75,1
2020-03-26,North Dakota,38,13,0
2020-03-26,Ohio,39,161,4
2020-03-26,Oklahoma,40,84,2
2020-03-26,Oregon,41,50,1
2020-03-26,Pennsylvania,42,539,5
2020-03-26,Puerto Rico,72,13,0
2020-03-26,Rhode Island,44,33,0
2020-03-26,South Carolina,45,32,2
2020-03-26,South Dakota,46,5,0
2020-03-26,Tennessee,47,197,0
2020-03-26,Texas,48,424,9
2020-03-26,Utah,49,56,0
2020-03-26,Vermont,50,35,1
2020-03-26,Virgin Islands,78,0,0
2020-03-26,Virginia,51,213,5
2020-03-26,Washington,53,623,21
2020-03-26,West Virginia,54,25,0
2020-03-26,Wisconsin,55,131,3
2020-03-26,Wyoming,56,7,0
2020-03-27,Alabama,1,101,1
2020-03-27,Alaska,2,16,1
2020-03-27,Arizona,4,157,7
2020-03-27,Arkansas,5,35,0
2020-03-27,California,6,854,20
2020-03-27,Colorado,8,303,7
2020-03-27,Connecticut,9,279,6
2020-03-27,Delaware,10,22,1
2020-03-27,District of Columbia,11,37,1
2020-03-27,Florida,12,721,17
2020-03-27,Georgia,13,555,8
2020-03-27,Guam,66,4,0
2020-03-27,Hawaii,15,14,0
2020-03-27,Idaho,16,42,1
2020-03-27,Illinois,17,491,11
2020-03-27,Indiana,18,326,8
2020-03-27,Iowa,19,56,2
2020-03-27,Kansas,20,41,1
2020-03-27,Kentucky,21,54,3
2020-03-27,Louisiana,22,441,36
2020-03-27,Maine,23,13,1
2020-03-27,Maryland,24,194,1
2020-03-27,Massachusetts,25,823,10
2020-03-27,Michigan,26,779,30
2020-03-27,Minnesota,27,52,2
2020-03-27,Mississippi,28,92,2
2020-03-27,Missouri,29,164,1
2020-03-27,Montana,30,31,1
2020-03-27,Nebraska,31,8,2
2020-03-27,Nevada,32,86,0
2020-03-27,New Hampshire,33,29,1
2020-03-27,New Jersey,34,1949,27
2020-03-27,New Mexico,35,55,0
2020-03-27,New York,36,5648,103
2020-03-27,North Carolina,37,145,1
2020-03-27,North Dakota,38,10,1
2020-03-27,Ohio,39,277,7
2020-03-27,Oklahoma,40,74,1
2020-03-27,Oregon,41,98,1
2020-03-27,Pennsylvania,42,528,7
2020-03-27,Puerto Rico,72,15,1
2020-03-27,Rhode Island,44,38,0
2020-03-27,South Carolina,45,83,4
2020-03-27,South Dakota,46,12,0
2020-03-27,Tennessee,47,81,3
2020-03-27,Texas,48,399,2
2020-03-27,Utah,49,78,1
2020-03-27,Vermont,50,26,1
2020-03-27,Virgin Islands,78,2,0
2020-03-27,Virginia,51,2,0
2020-03-27,Washington,53,562,26
2020-03-27,West Virginia,54,20,0
2020-03-27,Wisconsin,55,176,6
2020-03-27,Wyoming,56,17,0
2020-03-28,Alabama,1,81,0
2020-03-28,Alaska,2,17,0
2020-03-28,Arizona,4,108,0
2020-03-28,Arkansas,5,23,2
2020-03-28,California,6,651,19
2020-03-28,Colorado,8,326,13
2020-03-28,Connecticut,9,233,6
2020-03-28,Delaware,10,49,3
2020-03-28,District of Columbia,11,38,0
2020-03-28,Florida,12,840,10
2020-03-28,Georgia,13,249,15
2020-03-28,Guam,66,4,0
2020-03-28,Hawaii,15,31,0
2020-03-28,Idaho,16,30,1
2020-03-28,Illinois,17,518,13
2020-03-28,Indiana,18,250,5
2020-03-28,Iowa,19,63,0
2020-03-28,Kansas,20,59,2
2020-03-28,Kentucky,21,92,1
2020-03-28,Louisiana,22,569,18
2020-03-28,Maine,23,43,0
2020-03-28,Maryland,24,291,5
2020-03-28,Massachusetts,25,1017,9
2020-03-28,Michigan,26,978,18
2020-03-28,Minnesota,27,43,1
2020-03-28,Mississippi,28,90,5
2020-03-28,Missouri,29,167,1
2020-03-28,Montana,30,26,0
2020-03-28,Nebraska,31,22,0
2020-03-28,Nevada,32,117,4
2020-03-28,New Hampshire,33,27,0
2020-03-28,New Jersey,34,2299,32
2020-03-28,New Mexico,35,17,1
2020-03-28,New York,36,8728,247
2020-03-28,North Carolina,37,189,1
2020-03-28,North Dakota,38,26,0
2020-03-28,Northern Mariana Islands,69,2,0
2020-03-28,Ohio,39,262,3
2020-03-28,Oklahoma,40,55,7
2020-03-28,Oregon,41,65,1
2020-03-28,Pennsylvania,42,597,12
2020-03-28,Puerto Rico,72,21,0
2020-03-28,Rhode Island,44,36,2
2020-03-28,South Carolina,45,121,2
2020-03-28,South Dakota,46,10,0
2020-03-28,Tennessee,47,311,0
2020-03-28,Texas,48,219,6
2020-03-28,Utah,49,128,0
2020-03-28,Vermont,50,27,2
2020-03-28,Virgin Islands,78,0,0
2020-03-28,Virginia,51,134,3
2020-03-28,Washington,53,541,14
2020-03-28,West Virginia,54,17,0
2020-03-28,Wisconsin,55,112,1
2020-03-28,Wyoming,56,11,0
2020-03-29,Alabama,1,110,1
2020-03-29,Alaska,2,12,0
2020-03-29,Arizona,4,156,3
2020-03-29,Arkansas,5,40,1
2020-03-29,California,6,701,9
2020-03-29,Colorado,8,254,3
2020-03-29,Connecticut,9,469,1
2020-03-29,Delaware,10,18,1
2020-03-29,District of Columbia,11,0,0
2020-03-29,Florida,12,904,3
2020-03-29,Georgia,13,236,4
2020-03-29,Guam,66,1,0
2020-03-29,Hawaii,15,24,0
2020-03-29,Idaho,16,49,1
2020-03-29,Illinois,17,1066,20
2020-03-29,Indiana,18,282,1
2020-03-29,Iowa,19,38,1
2020-03-29,Kansas,20,61,1
2020-03-29,Kentucky,21,45,0
2020-03-29,Louisiana,22,225,15
2020-03-29,Maine,23,42,2
2020-03-29,Maryland,24,178,1
2020-03-29,Massachusetts,25,698,4
2020-03-29,Michigan,26,851,21
2020-03-29,Minnesota,27,63,4
2020-03-29,Mississippi,28,90,1
2020-03-29,Missouri,29,65,2
2020-03-29,Montana,30,14,0
2020-03-29,Nebraska,31,15,0
2020-03-29,Nevada,32,182,1
2020-03-29,New Hampshire,33,44,1
2020-03-29,New Jersey,34,2262,21
2020-03-29,New Mexico,35,29,0
2020-03-29,New York,36,6205,183
2020-03-29,North Carolina,37,195,2
2020-03-29,North Dakota,38,4,0
2020-03-29,Northern Mariana Islands,69,0,0
2020-03-29,Ohio,39,259,5
2020-03-29,Oklahoma,40,52,1
2020-03-29,Oregon,41,69,0
2020-03-29,Pennsylvania,42,626,5
2020-03-29,Puerto Rico,72,27,2
2020-03-29,Rhode Island,44,55,1
2020-03-29,South Carolina,45,114,1
2020-03-29,South Dakota,46,22,0
2020-03-29,Tennessee,47,164,1
2020-03-29,Texas,48,551,6
2020-03-29,Utah,49,111,0
2020-03-29,Vermont,50,24,0
2020-03-29,Virgin Islands,78,4,0
2020-03-29,Virginia,51,150,5
2020-03-29,Washington,53,585,16
2020-03-29,West Virginia,54,11,1
2020-03-29,Wisconsin,55,78,0
2020-03-29,Wyoming,56,3,0
2020-03-30,Alabama,1,117,6
2020-03-30,Alaska,2,5,1
2020-03-30,Arizona,4,240,2
2020-03-30,Arkansas,5,59,1
2020-03-30,California,6,1155,16
2020-03-30,Colorado,8,313,4
2020-03-30,Connecticut,9,578,2
2020-03-30,Delaware,10,32,1
2020-03-30,District of Columbia,11,153,5
2020-03-30,Florida,12,752,12
2020-03-30,Georgia,13,349,19
2020-03-30,Guam,66,2,0
2020-03-30,Hawaii,15,29,0
2020-03-30,Idaho,16,105,1
2020-03-30,Illinois,17,457,14
2020-03-30,Indiana,18,274,3
2020-03-30,Iowa,19,88,2
2020-03-30,Kansas,20,41,2
2020-03-30,Kentucky,21,41,2
2020-03-30,Louisiana,22,485,34
2020-03-30,Maine,23,22,0
2020-03-30,Maryland,24,170,4
2020-03-30,Massachusetts,25,797,13
2020-03-30,Michigan,26,1022,65
2020-03-30,Minnesota,27,72,1
2020-03-30,Mississippi,28,89,2
2020-03-30,Missouri,29,147,1
2020-03-30,Montana,30,16,3
2020-03-30,Nebraska,31,48,1
2020-03-30,Nevada,32,124,3
2020-03-30,New Hampshire,33,56,0
2020-03-30,New Jersey,34,3250,38
2020-03-30,New Mexico,35,44,2
2020-03-30,New York,36,7606,259
2020-03-30,North Carolina,37,137,0
2020-03-30,North Dakota,38,11,2
2020-03-30,Northern Mariana Islands,69,0,0
2020-03-30,Ohio,39,268,10
2020-03-30,Oklahoma,40,52,1
2020-03-30,Oregon,41,58,3
2020-03-30,Pennsylvania,42,715,8
2020-03-30,Puerto Rico,72,47,1
2020-03-30,Rhode Island,44,114,1
2020-03-30,South Carolina,45,151,2
2020-03-30,South Dakota,46,11,0
2020-03-30,Tennessee,47,297,6
2020-03-30,Texas,48,331,11
2020-03-30,Utah,49,87,2
2020-03-30,Vermont,50,21,0
2020-03-30,Virgin Islands,78,7,0
2020-03-30,Virginia,51,131,4
2020-03-30,Washington,53,283,14
2020-03-30,West Virginia,54,21,0
2020-03-30,Wisconsin,55,147,3
2020-03-30,Wyoming,56,8,0
2020-03-31,Alabama,1,52,2
2020-03-31,Alaska,2,14,0
2020-03-31,Arizona,4,129,4
2020-03-31,Arkansas,5,56,1
2020-03-31,California,6,1161,37
2020-03-31,Colorado,8,362,18
2020-03-31,Connecticut,9,557,33
2020-03-31,Delaware,10,55,3
2020-03-31,District of Columbia,11,0,0
2020-03-31,Florida,12,1047,14
2020-03-31,Georgia,13,1085,23
2020-03-31,Guam,66,79,1
2020-03-31,Hawaii,15,20,1
2020-03-31,Idaho,16,111,2
2020-03-31,Illinois,17,924,23
2020-03-31,Indiana,18,371,15
2020-03-31,Iowa,19,74,1
2020-03-31,Kansas,20,61,1
2020-03-31,Kentucky,21,110,7
2020-03-31,Louisiana,22,1212,54
2020-03-31,Maine,23,28,2
2020-03-31,Maryland,24,248,3
2020-03-31,Massachusetts,25,868,28
2020-03-31,Michigan,26,1122,67
2020-03-31,Minnesota,27,53,2
2020-03-31,Mississippi,28,89,4
2020-03-31,Missouri,29,301,2
2020-03-31,Montana,30,21,1
2020-03-31,Nebraska,31,8,1
2020-03-31,Nevada,32,69,8
2020-03-31,New Hampshire,33,53,0
2020-03-31,New Jersey,34,2060,68
2020-03-31,New Mexico,35,34,0
2020-03-31,New York,36,8658,326
2020-03-31,North Carolina,37,224,4
2020-03-31,North Dakota,38,17,0
2020-03-31,Northern Mariana Islands,69,0,0
2020-03-31,Ohio,39,266,15
2020-03-31,Oklahoma,40,85,6
2020-03-31,Oregon,41,84,2
2020-03-31,Pennsylvania,42,841,24
2020-03-31,Puerto Rico,72,65,2
2020-03-31,Rhode Island,44,80,4
2020-03-31,South Carolina,45,158,4
2020-03-31,South Dakota,46,7,0
2020-03-31,Tennessee,47,0,0
2020-03-31,Texas,48,533,11
2020-03-31,Utah,49,81,1
2020-03-31,Vermont,50,37,1
2020-03-31,Virgin Islands,78,0,0
2020-03-31,Virginia,51,229,1
2020-03-31,Washington,53,113,5
2020-03-31,West Virginia,54,17,0
2020-03-31,Wisconsin,55,84,5
2020-03-31,Wyoming,56,25,0
2020-04-01,Alabama,1,107,15
2020-04-01,Alaska,2,10,0
2020-04-01,Arizona,4,115,5
2020-04-01,Arkansas,5,60,2
2020-04-01,California,6,1234,29
2020-04-01,Colorado,8,356,11
2020-04-01,Connecticut,9,429,16
2020-04-01,Delaware,10,49,1
2020-04-01,District of Columbia,11,91,2
2020-04-01,Florida,12,1024,15
2020-04-01,Georgia,13,631,29
2020-04-01,Guam,66,8,1
2020-04-01,Hawaii,15,34,0
2020-04-01,Idaho,16,143,0
2020-04-01,Illinois,17,986,39
2020-04-01,Indiana,18,406,15
2020-04-01,Iowa,19,51,2
2020-04-01,Kansas,20,54,1
2020-04-01,Kentucky,21,92,2
2020-04-01,Louisiana,22,1187,33
2020-04-01,Maine,23,41,2
2020-04-01,Maryland,24,323,15
2020-04-01,Massachusetts,25,1118,33
2020-04-01,Michigan,26,1663,72
2020-04-01,Minnesota,27,60,5
2020-04-01,Mississippi,28,136,2
2020-04-01,Missouri,29,230,3
2020-04-01,Montana,30,19,0
2020-04-01,Nebraska,31,56,1
2020-04-01,Nevada,32,166,6
2020-04-01,New Hampshire,33,48,1
2020-04-01,New Jersey,34,3559,88
2020-04-01,New Mexico,35,48,2
2020-04-01,New York,36,8057,391
2020-04-01,North Carolina,37,54,1
2020-04-01,North Dakota,38,21,0
2020-04-01,Northern Mariana Islands,69,4,1
2020-04-01,Ohio,39,348,10
2020-04-01,Oklahoma,40,153,7
2020-04-01,Oregon,41,46,1
2020-04-01,Pennsylvania,42,808,2
2020-04-01,Puerto Rico,72,47,3
2020-04-01,Rhode Island,44,78,2
2020-04-01,South Carolina,45,210,4
2020-04-01,South Dakota,46,21,1
2020-04-01,Tennessee,47,606,10
2020-04-01,Texas,48,685,6
2020-04-01,Utah,49,125,2
2020-04-01,Vermont,50,28,3
2020-04-01,Virgin Islands,78,0,0
2020-04-01,Virginia,51,261,7
2020-04-01,Washington,53,296,23
2020-04-01,West Virginia,54,29,1
2020-04-01,Wisconsin,55,199,8
2020-04-01,Wyoming,56,17,0
